{
  "resources": [
    "./results/result.mp3"
  ],
  "spritemap": {
    "roulette_spin_result": {
      "start": 0,
      "end": 2.706938775510204,
      "loop": false
    },
    "roulette_spinclick": {
      "start": 3.1,
      "end": 5.272834467120182,
      "loop": false
    },
    "show_xmas_reward": {
      "start": 6.2,
      "end": 7.688979591836735,
      "loop": false
    },
    "slide_failed_popup": {
      "start": 8.3,
      "end": 11.04748299319728,
      "loop": false
    },
    "slide_popup_start": {
      "start": 11.4,
      "end": 14.17342403628118,
      "loop": false
    },
    "slide_success_popup": {
      "start": 14.5,
      "end": 16.82888888888889,
      "loop": false
    },
    "snail_move": {
      "start": 17.6,
      "end": 18.066802721088436,
      "loop": false
    },
    "snail_pop": {
      "start": 18.7,
      "end": 19.894784580498865,
      "loop": false
    },
    "success_popup": {
      "start": 20.799999999999997,
      "end": 21.815442176870746,
      "loop": false
    },
    "suggest_valentine_next_tier_popup": {
      "start": 22.9,
      "end": 24.75469387755102,
      "loop": false
    },
    "super_fever_christmas": {
      "start": 25,
      "end": 28.84,
      "loop": false
    },
    "super_fever_start": {
      "start": 29.1,
      "end": 31.548775510204084,
      "loop": false
    },
    "thanks_alert_pop": {
      "start": 32.2,
      "end": 34.57714285714286,
      "loop": false
    },
    "thanks_gage_update": {
      "start": 35.300000000000004,
      "end": 35.9530612244898,
      "loop": false
    },
    "thanks_obtain_reward": {
      "start": 36.400000000000006,
      "end": 39.09061224489796,
      "loop": false
    },
    "thunder_bubble": {
      "start": 39.5,
      "end": 40.62639455782313,
      "loop": false
    },
    "tornado_turn": {
      "start": 41.6,
      "end": 42.62952380952381,
      "loop": false
    },
    "wheel": {
      "start": 43.7,
      "end": 44.3990022675737,
      "loop": false
    },
    "add_bonus_bubble": {
      "start": 44.800000000000004,
      "end": 45.21904761904762,
      "loop": false
    },
    "apriEvent_change_chick_to_gift_box": {
      "start": 45.900000000000006,
      "end": 47.88530612244899,
      "loop": false
    },
    "apriEvent_get_toy": {
      "start": 48.00000000000001,
      "end": 49.98530612244899,
      "loop": false
    },
    "bc_easter_crash_get": {
      "start": 50.10000000000001,
      "end": 53.26081632653062,
      "loop": false
    },
    "bc_easter_crash_not_get": {
      "start": 54.20000000000001,
      "end": 57.98775510204083,
      "loop": false
    },
    "bc_easter_drop": {
      "start": 58.30000000000001,
      "end": 61.12122448979593,
      "loop": false
    },
    "bc_easter_jewel_get_popup": {
      "start": 61.40000000000001,
      "end": 62.65387755102042,
      "loop": false
    },
    "bc_easter_popup": {
      "start": 63.500000000000014,
      "end": 64.91061224489798,
      "loop": false
    },
    "bc_hot_deal_evt": {
      "start": 65.60000000000002,
      "end": 69.1787755102041,
      "loop": false
    },
    "bc_magic_apple_boom": {
      "start": 69.70000000000002,
      "end": 70.61428571428573,
      "loop": false
    },
    "bc_magic_apple_shoot": {
      "start": 70.80000000000001,
      "end": 72.39346938775512,
      "loop": false
    },
    "bc_wagon_cranky_in": {
      "start": 72.90000000000002,
      "end": 74.12775510204084,
      "loop": false
    },
    "bc_wagon_cranky_out": {
      "start": 75.00000000000001,
      "end": 76.3322448979592,
      "loop": false
    },
    "bomb": {
      "start": 77.10000000000002,
      "end": 78.68147392290251,
      "loop": false
    },
    "bomb_snail": {
      "start": 79.20000000000002,
      "end": 80.24489795918369,
      "loop": false
    },
    "bonus_bubble_plus": {
      "start": 81.30000000000001,
      "end": 82.09734693877552,
      "loop": false
    },
    "boss_fox_attack": {
      "start": 82.4,
      "end": 84.85619047619048,
      "loop": false
    },
    "boss_hedgehog_get": {
      "start": 85.5,
      "end": 86.4664172335601,
      "loop": false
    },
    "boss_hedgehog_hit": {
      "start": 86.60000000000001,
      "end": 87.50199546485261,
      "loop": false
    },
    "boss_target_flight": {
      "start": 87.7,
      "end": 89.00430839002267,
      "loop": false
    },
    "boss_target_hit": {
      "start": 89.8,
      "end": 90.68092970521542,
      "loop": false
    },
    "boss_target_obtain": {
      "start": 90.9,
      "end": 91.78092970521543,
      "loop": false
    },
    "bounce_bubble_on_pot": {
      "start": 92.00000000000001,
      "end": 92.34433106575965,
      "loop": false
    },
    "bubble_collide_wall": {
      "start": 93.10000000000001,
      "end": 93.41056689342405,
      "loop": false
    },
    "bubble_gum_1": {
      "start": 94.20000000000002,
      "end": 94.60369614512473,
      "loop": false
    },
    "bubble_gum_2": {
      "start": 95.30000000000001,
      "end": 98.79578231292518,
      "loop": false
    },
    "bubble_pang": {
      "start": 99.40000000000002,
      "end": 99.59458049886624,
      "loop": false
    },
    "bubble_pang_3_5": {
      "start": 100.50000000000003,
      "end": 101.64145124716556,
      "loop": false
    },
    "bubble_pang_6": {
      "start": 102.60000000000002,
      "end": 103.74145124716556,
      "loop": false
    },
    "buy_coin_ef_create": {
      "start": 104.70000000000002,
      "end": 105.10131519274378,
      "loop": false
    },
    "buy_coin_ef_insert": {
      "start": 105.80000000000003,
      "end": 106.4273696145125,
      "loop": false
    },
    "buy_item_ef_create": {
      "start": 106.90000000000003,
      "end": 108.36832199546488,
      "loop": false
    },
    "buy_item_ef_insert": {
      "start": 109.00000000000003,
      "end": 109.13333333333337,
      "loop": false
    },
    "buy_jewel_ef_create": {
      "start": 110.10000000000004,
      "end": 110.29374149659867,
      "loop": false
    },
    "buy_jewel_ef_insert": {
      "start": 111.20000000000003,
      "end": 111.75585034013609,
      "loop": false
    },
    "buy_life_ef_create": {
      "start": 112.30000000000004,
      "end": 112.39628117913836,
      "loop": false
    },
    "buy_life_ef_insert": {
      "start": 113.40000000000003,
      "end": 113.77335600907033,
      "loop": false
    },
    "cannon_shoot": {
      "start": 114.50000000000003,
      "end": 114.54834467120185,
      "loop": false
    },
    "cannon_swap": {
      "start": 115.60000000000004,
      "end": 115.68707482993202,
      "loop": false
    },
    "change_magic_candy": {
      "start": 116.70000000000005,
      "end": 117.48768707482998,
      "loop": false
    },
    "click": {
      "start": 117.80000000000004,
      "end": 117.95829931972793,
      "loop": false
    },
    "close_pot": {
      "start": 118.90000000000003,
      "end": 119.21764172335604,
      "loop": false
    },
    "dart": {
      "start": 120.00000000000003,
      "end": 121.3689569160998,
      "loop": false
    },
    "double_score_item": {
      "start": 122.10000000000004,
      "end": 123.57557823129255,
      "loop": false
    },
    "easter_egg_crash": {
      "start": 124.20000000000003,
      "end": 124.95800453514742,
      "loop": false
    },
    "easter_egg_get": {
      "start": 125.30000000000003,
      "end": 126.29029478458052,
      "loop": false
    },
    "failed_popup": {
      "start": 126.40000000000002,
      "end": 127.58535147392293,
      "loop": false
    },
    "feather_target_collect_new": {
      "start": 128.50000000000003,
      "end": 129.15306122448982,
      "loop": false
    },
    "feather_target_obtain": {
      "start": 129.60000000000002,
      "end": 130.56698412698415,
      "loop": false
    },
    "fever_christmas": {
      "start": 130.70000000000002,
      "end": 133.57346938775513,
      "loop": false
    },
    "fever_start": {
      "start": 133.8,